{"cameraMode":{"drawMode":0,"name":"Shaded","section":"Shading Mode"},"sceneLighting":false,"audioPlay":false,"sceneViewState":{"m_AlwaysRefresh":false,"showFog":true,"showSkybox":false,"showFlares":true,"showImageEffects":true,"showParticleSystems":true,"showVisualEffectGraphs":true,"m_FxEnabled":true},"in2DMode":false,"pivot":{"x":6.619497299194336,"y":3.5468602180480959,"z":-22.419797897338868},"rotation":{"x":-0.23067598044872285,"y":0.49084675312042239,"z":-0.13658809661865235,"w":-0.828987181186676},"size":0.24494951963424684,"orthographic":true}