{"cameraMode":{"drawMode":0,"name":"Shaded","section":"Shading Mode"},"sceneLighting":false,"audioPlay":false,"sceneViewState":{"m_AlwaysRefresh":false,"showFog":true,"showSkybox":false,"showFlares":true,"showImageEffects":true,"showParticleSystems":true,"showVisualEffectGraphs":true,"m_FxEnabled":true},"in2DMode":false,"pivot":{"x":-0.8218541145324707,"y":1.4500000476837159,"z":3.569999933242798},"rotation":{"x":0.08119132369756699,"y":-0.5290762782096863,"z":0.0509478859603405,"w":0.8431439399719238},"size":0.34641024470329287,"orthographic":true}