{"cameraMode":{"drawMode":0,"name":"Shaded","section":"Shading Mode"},"sceneLighting":true,"audioPlay":false,"sceneViewState":{"m_AlwaysRefresh":false,"showFog":true,"showSkybox":true,"showFlares":true,"showImageEffects":true,"showParticleSystems":true,"showVisualEffectGraphs":true,"m_FxEnabled":true},"in2DMode":false,"pivot":{"x":2.1009979248046877,"y":4.271083831787109,"z":-20.989891052246095},"rotation":{"x":0.2595749795436859,"y":0.23417949676513673,"z":-0.06503678858280182,"w":0.9346452355384827},"size":20.919321060180665,"orthographic":true}