{"cameraMode":{"drawMode":0,"name":"Shaded","section":"Shading Mode"},"sceneLighting":false,"audioPlay":false,"sceneViewState":{"m_AlwaysRefresh":false,"showFog":true,"showSkybox":false,"showFlares":true,"showImageEffects":true,"showParticleSystems":true,"showVisualEffectGraphs":true,"m_FxEnabled":true},"in2DMode":false,"pivot":{"x":-0.8218541145324707,"y":1.4500000476837159,"z":3.569999933242798},"rotation":{"x":-0.054168444126844409,"y":-0.7761070728302002,"z":0.06730128824710846,"w":-0.6246656179428101},"size":0.5128910541534424,"orthographic":true}