{"cameraMode":{"drawMode":0,"name":"Shaded","section":"Shading Mode"},"sceneLighting":false,"audioPlay":false,"sceneViewState":{"m_AlwaysRefresh":false,"showFog":true,"showSkybox":false,"showFlares":true,"showImageEffects":true,"showParticleSystems":true,"showVisualEffectGraphs":true,"m_FxEnabled":true},"in2DMode":false,"pivot":{"x":-1.1516085863113404,"y":0.6348168253898621,"z":2.8359365463256838},"rotation":{"x":0.1701282262802124,"y":0.49218228459358218,"z":-0.09874595701694489,"w":0.8479758501052856},"size":1.4972668886184693,"orthographic":true}